-- phpMyAdmin SQL Dump
-- version 5.2.1
-- https://www.phpmyadmin.net/
--
-- Máy chủ: 127.0.0.1
-- Thời gian đã tạo: Th4 09, 2025 lúc 05:43 AM
-- Phiên bản máy phục vụ: 10.4.32-MariaDB
-- Phiên bản PHP: 8.0.30

SET SQL_MODE = "NO_AUTO_VALUE_ON_ZERO";
START TRANSACTION;
SET time_zone = "+00:00";


/*!40101 SET @OLD_CHARACTER_SET_CLIENT=@@CHARACTER_SET_CLIENT */;
/*!40101 SET @OLD_CHARACTER_SET_RESULTS=@@CHARACTER_SET_RESULTS */;
/*!40101 SET @OLD_COLLATION_CONNECTION=@@COLLATION_CONNECTION */;
/*!40101 SET NAMES utf8mb4 */;

--
-- Cơ sở dữ liệu: `quanlybanhang`
--

-- --------------------------------------------------------

--
-- Cấu trúc bảng cho bảng `hanghoa`
--

CREATE TABLE `hanghoa` (
  `mahang` varchar(4) NOT NULL,
  `tenhang` varchar(40) DEFAULT NULL,
  `mansx` varchar(2) DEFAULT NULL,
  `namsx` int(11) DEFAULT NULL,
  `gia` int(11) DEFAULT NULL
) ENGINE=InnoDB DEFAULT CHARSET=utf8mb4 COLLATE=utf8mb4_general_ci;

--
-- Đang đổ dữ liệu cho bảng `hanghoa`
--

INSERT INTO `hanghoa` (`mahang`, `tenhang`, `mansx`, `namsx`, `gia`) VALUES
('AS01', 'Asus TUF', 'AS', 2017, 520),
('AS02', 'Asus Vivobook', 'AS', 2017, 580),
('DE01', 'Dell Vostro', 'DE', 2015, 650),
('DE02', 'Dell Inspiron', 'DE', 2015, 550),
('LE01', 'Lenovo Thinkpad', 'LE', 2019, 750),
('LE02', 'Lenovo Legion', 'LE', 2020, 540),
('LE03', 'Lenovo Yoga', 'LE', 2020, 600),
('T001', 'Toshiba Satellite', 'TO', 2014, 630);

-- --------------------------------------------------------

--
-- Cấu trúc bảng cho bảng `hoadon`
--

CREATE TABLE `hoadon` (
  `mahd` varchar(4) NOT NULL,
  `makh` varchar(4) DEFAULT NULL,
  `mahang` varchar(4) DEFAULT NULL,
  `soluong` int(11) DEFAULT NULL,
  `thanhtien` int(11) DEFAULT NULL
) ENGINE=InnoDB DEFAULT CHARSET=utf8mb4 COLLATE=utf8mb4_general_ci;

--
-- Đang đổ dữ liệu cho bảng `hoadon`
--

INSERT INTO `hoadon` (`mahd`, `makh`, `mahang`, `soluong`, `thanhtien`) VALUES
('001', 'K001', 'DE01', 2, 1300),
('002', 'K002', 'AS01', 1, 520),
('003', 'K003', 'LE01', 1, 750),
('004', 'K004', 'T001', 3, 1890),
('005', 'K005', 'LE02', 2, 1080),
('006', 'K006', 'DE02', 1, 550);

-- --------------------------------------------------------

--
-- Cấu trúc bảng cho bảng `khachhang`
--

CREATE TABLE `khachhang` (
  `makh` varchar(4) NOT NULL,
  `tenkh` varchar(30) DEFAULT NULL,
  `namsinh` int(11) DEFAULT NULL,
  `dienthoai` varchar(10) DEFAULT NULL,
  `diachi` varchar(50) DEFAULT NULL
) ENGINE=InnoDB DEFAULT CHARSET=utf8mb4 COLLATE=utf8mb4_general_ci;

--
-- Đang đổ dữ liệu cho bảng `khachhang`
--

INSERT INTO `khachhang` (`makh`, `tenkh`, `namsinh`, `dienthoai`, `diachi`) VALUES
('K001', 'Nguyễn Thị Lan', 1980, '0913123456', 'Bạc Liêu'),
('K002', 'Ngô Thanh Minh', 1985, '0913024357', 'Vĩnh Lợi'),
('K003', 'Lâm Văn Thành', 1979, '0913123457', 'Giá Rai'),
('K004', 'Dương Thu Thủy', 1985, '0913024358', 'Hồng Dân'),
('K005', 'Nguyễn Thị Xuân', 1987, '0903223344', 'Phước Long'),
('K006', 'Huỳnh Mẫn Đạt', 1975, '0989122112', 'Bạc Liêu'),
('K007', 'Lâm Hoài Bảo', 1990, '0912131415', 'Bạc Liêu'),
('K008', 'Hồ Trung Tín', 2000, '0934119999', 'Phước Long'),
('K009', 'Trương Xuân Thi', 2001, '0909000111', 'Vĩnh Lợi');

-- --------------------------------------------------------

--
-- Cấu trúc bảng cho bảng `nhasanxuat`
--

CREATE TABLE `nhasanxuat` (
  `mansx` varchar(2) NOT NULL,
  `tennsx` varchar(40) DEFAULT NULL,
  `quocgia` varchar(20) DEFAULT NULL
) ENGINE=InnoDB DEFAULT CHARSET=utf8mb4 COLLATE=utf8mb4_general_ci;

--
-- Đang đổ dữ liệu cho bảng `nhasanxuat`
--

INSERT INTO `nhasanxuat` (`mansx`, `tennsx`, `quocgia`) VALUES
('AS', 'Asus', 'Đài Loan'),
('DE', 'Dell', 'Mỹ'),
('LE', 'Lenovo', 'Trung Quốc'),
('TO', 'Toshiba', 'Nhật Bản');

-- --------------------------------------------------------

--
-- Cấu trúc bảng cho bảng `tonkho`
--

CREATE TABLE `tonkho` (
  `mahang` varchar(4) NOT NULL,
  `tenhang` varchar(40) NOT NULL,
  `namsx` int(11) NOT NULL,
  `gia` int(11) NOT NULL,
  `soluong` int(11) NOT NULL
) ENGINE=InnoDB DEFAULT CHARSET=utf8mb4 COLLATE=utf8mb4_general_ci;

--
-- Đang đổ dữ liệu cho bảng `tonkho`
--

INSERT INTO `tonkho` (`mahang`, `tenhang`, `namsx`, `gia`, `soluong`) VALUES
('DE01', 'DELL Vostro', 2015, 650, 20),
('DE01', 'Del inspiron', 2015, 550, 30);

--
-- Chỉ mục cho các bảng đã đổ
--

--
-- Chỉ mục cho bảng `hanghoa`
--
ALTER TABLE `hanghoa`
  ADD PRIMARY KEY (`mahang`);

--
-- Chỉ mục cho bảng `hoadon`
--
ALTER TABLE `hoadon`
  ADD PRIMARY KEY (`mahd`),
  ADD KEY `mahang` (`mahang`),
  ADD KEY `hoadon_ibfk_1` (`makh`);

--
-- Chỉ mục cho bảng `khachhang`
--
ALTER TABLE `khachhang`
  ADD PRIMARY KEY (`makh`);

--
-- Chỉ mục cho bảng `nhasanxuat`
--
ALTER TABLE `nhasanxuat`
  ADD PRIMARY KEY (`mansx`);

--
-- Các ràng buộc cho các bảng đã đổ
--

--
-- Các ràng buộc cho bảng `hoadon`
--
ALTER TABLE `hoadon`
  ADD CONSTRAINT `hoadon_ibfk_1` FOREIGN KEY (`makh`) REFERENCES `khachhang` (`makh`),
  ADD CONSTRAINT `hoadon_ibfk_2` FOREIGN KEY (`mahang`) REFERENCES `hanghoa` (`mahang`);
COMMIT;

/*!40101 SET CHARACTER_SET_CLIENT=@OLD_CHARACTER_SET_CLIENT */;
/*!40101 SET CHARACTER_SET_RESULTS=@OLD_CHARACTER_SET_RESULTS */;
/*!40101 SET COLLATION_CONNECTION=@OLD_COLLATION_CONNECTION */;
